판매회사,상품명
쿠캣,띵커바디 식단관리 도시락 20종 1팩 골라담기
쿠캣,띵커바디 식단관리 도시락 시즌2 (5종X1팩씩)
마켓컬리,[고온어다이어트] 시즌3 도시락 5종
다신샵다이어트,실패없는 식단관리 다신밥상 도시락 2주 세트
마켓컬리,[온더고] 간편 미식 도시락 4종
다신샵다이어트,[16팩 세트]오늘은 현미밥 도시락 혼합 (갈릭/게맛살/닭갈비/미역국/우둔살/전주식비빔/떡볶이비빔/날치알김치)
마켓컬리,[고온어다이어트] 시즌4 도시락 4종
포켓도시락,"[베스트1위 : 1,705만판매]포켓도시락 점심대용식(12종 12팩/12종18팩)"
마켓컬리,[아침먹고가] 도시락 6종 (택1)
다신샵다이어트,다신현미밥상 다이어트 식단  도시락  2주 세트
마켓컬리,[스윗밸런스] 오늘의 식단 도시락 6종 (택1)
마켓컬리,[아침먹고가] 식단도시락 4종 (택1)
쿠캣,띵커바디 식단관리 도시락 시즌1.5 (5종X1팩씩)
건강을생각하다,간단한아침식사 / 맛과영양 점심식사대용
국민상점,포켓도시락 점심대용식 (12종12팩 / 12종18팩)
건강을생각하다,간편아침식사 / 프리미엄 통곡물을 사용하여 수제방식으로 매일 생산
마켓컬리,[마이비밀] 홈슐랭 식단관리 도시락 5종
마켓컬리,[탄단지] 곤약밥 도시락 5종 (택1)
랭킹닭컴,[잇메이트] 닭가슴살 몬스터 볶음밥 이지쿡 / 단백질 간편식 한끼 도시락
포켓도시락,"[베스트2위 : 1,705만판매 식단관리도시락]포켓도시락 1일 2식 세트(12종 12팩)"
윙잇,랠리 다이어트식단 냉동도시락 반숙 직장인도시락 점심도시락
쿠캣,띵커바디 식단관리 도시락 시즌3 (5종X1팩씩)
국민상점,포켓도시락 1일 2식 세트(12종 12팩)
랭킹닭컴,[특급배송] 맛있닭 다이어트 도시락 5종 모음 / 저칼로리 간편식 닭가슴살 랭킹닭컴
윙잇,[윙잇] 식단관리용 가벼운 저녁 아침식사 도시락 골라담기
,[몬스터데이] 15%쿠폰  9+1 맛남주의  밀리너스 도시락 인기구성 모음전 9종 골라담기 - 9개 구매시 1개 더
마켓컬리,[오쿡] 컵도시락 골라담기 11종
건강을생각하다,다이어트아침식사 / 겨우 129kcal로 한끼 해결
,[몬스터데이] 고추장석쇠돈육덮밥 - 15%쿠폰  9+1 맛남주의  밀리너스 도시락 인기구성 모음전 9종 골라담기
,[몬스터데이] 스파이스치킨치즈덮밥 - 15%쿠폰  9+1 맛남주의  밀리너스 도시락 인기구성 모음전 9종 골라담기
슬림라운지,한끼의 품격 쉐프앤홈 도시락 6종(2주/12팩) 남자  여자  직장인  300칼로리  저칼로리 간편식 식단관리
,[앵콜창고] 오다셰프 대용량 320g 직장인 간편 냉동 도시락 5종 골라담기 - 100% 국내산 쌀   남다른 대용량
,팔도 도시락 김치맛
,[몬스터데이] 우엉야채볶음밥 - 15%쿠폰  9+1 맛남주의  밀리너스 도시락 인기구성 모음전 9종 골라담기
다신샵다이어트,다신샵 식단관리 냉동 도시락 47종 골라담기
바르닭,도시락 한식/다이어트/닭가슴살햄/두부면/에스닉 등 1팩 골라담기
마켓컬리,[온더고] 간편 덮밥&커리도시락 4종
,[허닭] 주먹밥/곤약볶음밥/다이어트도시락 외 골라담기
건강을생각하다,다이어트아침식단 / 겨우 129kcal로 한끼 해결
,[몬스터데이] 귀리곤약밥&두부닭가슴살스테이크 - 15%쿠폰  9+1 맛남주의  밀리너스 도시락 인기구성 모음전 9종 골라담기
,[몬스터데이] 현미곤약밥&핫커리닭가슴살큐브 - 15%쿠폰  9+1 맛남주의  밀리너스 도시락 인기구성 모음전 9종 골라담기
마켓컬리,[마이비밀] 다이어트 도시락 8종 (2개입) (택1)
슬림라운지,진미담 덮밥 10종(12팩) 간편식 식단관리 도시락
마켓컬리,[아침먹고가] 도시락 6종 (2개입) (택1)
윙잇,허닭 잡곡밥 도시락 6종
윙잇,밀리너스 도시락 10종
,맛있는볶음밥 오마이도시락 5종 10팩 - 290g 든든한 한끼식사
,오마이도시락 5종 10팩 - 맛있는볶음밥 오마이도시락 5종 10팩
마켓컬리,[마이비밀] 라이킷 식단관리 도시락 8종
다신샵다이어트,다신곤약밥상 식단관리 저당 도시락  2주식단세트(7팩)
,[몬스터데이] 고구마단호박닭가슴살큐브&두부 - 15%쿠폰  9+1 맛남주의  밀리너스 도시락 인기구성 모음전 9종 골라담기
윙잇,[아워홈] 온더고 도시락 12종
랭킹닭컴,[맛있닭] NEW 다이어트 도시락 5종 혼합 / 간편도시락 간편식 식단관리 닭가슴살 체중조절 체중조절용식품
국민상점,포켓도시락 1일 3식 세트 (18종 18팩)
포켓도시락,"1,705만 판매 식단관리 1위 포켓도시락1일 3식세트 (18종 18팩)"
식스밀,식스밀 단백질 식단 도시락 벌크업 냉동 고단백 직장인 간편 배달 6키트/12키트/18키트
랭킹닭컴,[맛있닭] NEW 다이어트 도시락 / 볶음밥 식단 닭가슴살
에잇템,[1개6천원대] 치밥도시락 5종 혼합 (5/10/15개입)
닥다몰,무화당 저당 곤약도시락 6종 / 식단관리
한국야쿠르트,한국야쿠르트 [주3일] 잇츠온 샐러드
,더포르미 12종12팩 맛있는 영양잡곡밥 간편 직장인 점심 냉동 한끼 도시락
마켓컬리,[마이비밀] 홈슐랭 식단관리 도시락 5종 (2개입) (택1)
,(수저)아워홈 온더고 42종 외 간편 편의점 냉동도시락
랭킹닭컴,"[맛있닭] 웰빙야채와 함께 고루 갖춘 영양밸런스, 더담은 닭가슴살 도시락 / 헬스 식단 즉석밥"
포켓도시락,도시락 누적판매1위!국내도시락 최다후기포켓베스트5+5세트 5종10팩
랭킹닭컴,[잇메이트] 닭가슴살 몬스터 볶음밥 이지쿡 250g / 단백질 간편식 한끼 도시락
국민상점,[국민상점 타임딜&#9200;] 피티도시락 6종 (닭가슴살3종+훈제오리+돼지안심+삼치구이)
허닭,[허닭] 잡곡밥 도시락 6종 12팩
윙잇,마이비밀 라이킷 식단관리 도시락 8종
랭킹닭컴,[잇메이트] 닭가슴살 몬스터 볶음밥 이지쿡 혼합 250g / 단백질 간편식 한끼 도시락
미용식,미용식 식단관리 간편 냉동 맛있는 도시락 6종 12팩
,[가정의달] 10+1 맛남주의 맛난식탁도시락 12종 골라담기 - 10팩이상 구매시 추가증정
마켓컬리,[탄단지] 현미 다이어트 도시락 5종 (2개입) (택1)
바디나인,바디나인 도시락 내맘대로 골라담기
허닭,[허닭] 잡곡밥 도시락 6종 6팩
마켓컬리,[탄단지] 곤약밥 도시락 5종 (2개입) (택1)
한국야쿠르트,한국야쿠르트 [주5일] 잇츠온 샐러드
더베네푸드,인생닭 닭가슴살 간편 도시락 혼합 8팩
바르닭,다이어트 도시락 6종 세트 6/12/18/24팩
미용식,미용식 도시락 식단관리 간편 냉동도시락 6종 6팩
,[가정의달] 버섯불고기&피자오믈렛 - 10+1 맛남주의 맛난식탁도시락 12종 골라담기
포켓도시락,포켓도시락 전상품 맛보기포켓도시락체험팩 (14종14팩)
랭킹닭컴,[특급배송] 맛있닭 다이어트 도시락 210g / 식단 관리 체중 점심 랭킹닭컴
랭킹닭컴,[잇메이트] 닭가슴살 도시락 / 점심 저칼로리 가성비 소시지 볶음밥
,저칼로리 식단 도시락 3종 12팩 무료배송 - 저칼로리  도시락 3종 12팩무료배송
,고온어도시락 현미밥식단 시즌3 10팩/12팩 도시락
바르닭,닭가슴살햄 도시락 6종 세트 6/12/18/24팩
,[가정의달] 매콤닭가슴살야채볶음밥&핫스테이크 - 10+1 맛남주의 맛난식탁도시락 12종 골라담기
,허닭 잡곡밥/슬림/곤약/스테이크도시락外 골라담기
,[가정의달] 단호박연근영양밥&고추장불고기 - 10+1 맛남주의 맛난식탁도시락 12종 골라담기
슬림쿡,"하루 900Kcal 프로그램[다이어트,샐러드,도시락,배달,광주도시락,광주샐러드,샐러드도시락,다이어트도시락,다이어트보조식품]"
포켓도시락,164kcal로 가벼운 백미제로 저탄수볶음밥포켓콜리볶음밥 6종 4팩
쿠캣,띵커바디 식단관리 도시락 시즌4 (5종X1팩씩)
더베네푸드,인생닭 닭가슴살 간편 단백질 도시락 1팩
,[가정의달] 삼색나물단호박솥밥&두툼고기완자 - 10+1 맛남주의 맛난식탁도시락 12종 골라담기
